category,layer,jaccard_top6,jsd,d_entropy,d_concentration
computational,1,0.4609126984126984,0.02684059920582345,-0.06344237674449049,0.004731494621859165
computational,3,0.548611111111111,0.03221268081065248,-0.09266514626062188,0.0036824420898766753
computational,6,0.5658730158730159,0.03865820624854418,-0.10140058720226552,-0.0010608756073783685
computational,8,0.5,0.05754020024676241,-0.1721826152934907,0.011311741390818699
computational,10,0.5569444444444445,0.05261601500208939,-0.062263863510067206,0.002004688445152843
computational,13,0.5515873015873015,0.04820041796665437,-0.02037166903640164,-0.012474199407988945
computational,15,0.42642496392496393,0.05888315867376531,-0.03883081581160628,0.001444610680261414
computational,17,0.511904761904762,0.040931544095372106,-0.02919041630566453,-0.0016376596322131996
computational,20,0.6279761904761905,0.04635112466852818,-0.06834252852358151,0.01054275794395732
computational,22,0.5535894660894661,0.038993252456043084,-0.08384349469153131,0.009940505218745925
computational,24,0.5099206349206349,0.04707685710770695,-0.07381066075321258,0.010152135643388857
computational,27,0.5712301587301587,0.04231244893628355,-0.03152695512576755,-0.008104406529957142
computational,29,0.628968253968254,0.03626632278213126,-0.08125580206277405,-0.007023201965099404
computational,31,0.5662698412698413,0.040051215972184716,-0.03200010287205194,-0.006154943265633826
computational,34,0.6011904761904762,0.033999289287743754,-0.030782822469595,-0.003133037110217346
computational,36,0.5311507936507937,0.04758470495888253,-0.05813417880355023,-0.006655362602851459
computational,38,0.5773809523809524,0.04660191144572567,-0.04799288752376716,-0.0007208663876345587
computational,40,0.5609126984126984,0.04444615940424133,-0.05912225869993576,0.0014498566706872933
computational,43,0.6988095238095239,0.05006419994691897,-0.1455592125553313,0.00787881509932181
computational,45,0.5357142857142857,0.047698688205870615,-0.12023979580335203,0.0038363025950734707
computational,47,0.5797619047619048,0.04787238747526581,-0.08153248056281415,-0.001392753903115677
computational,49,0.42977994227994226,0.062462314282160473,-0.18407798309415657,0.002217663714297488
computational,51,0.5009920634920635,0.04672669648336933,-0.06744568153257464,-0.0039009479535224187
creative,1,0.27626262626262627,0.026708493691827314,-0.014312628018553855,-0.001116102463714145
creative,3,0.39166666666666666,0.0334005196677352,-0.014465407114885975,0.002604589829448516
creative,6,0.5297619047619048,0.0408103511308615,-0.006602647292608177,0.002852859139847738
creative,8,0.626984126984127,0.055397525334840575,-0.04708398323167832,-0.007835975408691402
creative,10,0.6130952380952381,0.04964615744790299,-0.013849392851941941,0.008588912471642656
creative,13,0.621031746031746,0.0456637374765298,-0.08845797019315582,0.015608774637251188
creative,15,0.7380952380952381,0.04279331902416256,0.05798898415474529,0.00020482040872575832
creative,17,0.6904761904761906,0.03692234338290431,0.0033554109682493913,-0.0038124362293439854
creative,20,0.6535714285714286,0.04403295687630155,-0.04224747313235788,0.011368487298668259
creative,22,0.5353174603174603,0.037166488250251116,0.011480502520825886,-0.009668878607990485
creative,24,0.6666666666666666,0.045820611916232774,0.025584998128804586,-0.006635684113096591
creative,27,0.5833333333333334,0.04400145772406457,0.025208524944061745,-0.005224761828109502
creative,29,0.5674603174603174,0.035642817210384016,-0.05014305241198976,0.004232220219487494
creative,31,0.625,0.039815119024066016,0.028748920509116187,-0.012849375383846959
creative,34,0.5892857142857143,0.04222347339756685,0.010028607560365463,0.008278562816778945
creative,36,0.6654761904761904,0.041847498562734925,-0.04377318014617474,0.010752621530740384
creative,38,0.4913059163059163,0.053008341078095766,-0.0036730554077309963,-0.002530635685175467
creative,40,0.6059523809523809,0.04728611217426456,-0.02487936549021989,-0.003166698263133728
creative,43,0.5722222222222223,0.05080831623071488,-0.04687759180594605,0.015151951557788234
creative,45,0.3666666666666667,0.0474348486439325,-0.030731689911294158,0.000828123468599976
creative,47,0.4369047619047619,0.051301782707912615,0.05165441868688103,-0.0073601119367034465
creative,49,0.551984126984127,0.04950662663924995,-0.013137127052796535,0.0012883417700508138
creative,51,0.43333333333333335,0.037950104941524114,0.0020888157048534564,-0.004371378309962242
factual,1,0.436525974025974,0.012160756482394555,-0.013824257978604796,0.0011073932605050307
factual,3,0.5851190476190476,0.013222406907300402,-0.004043232548037771,0.0012829988783161072
factual,6,0.6001984126984127,0.019523183645608153,-0.0012713922791084409,-0.0025829612539385017
factual,8,0.7132936507936508,0.025408893594226097,-0.03167142802835771,0.001019829740140911
factual,10,0.6954365079365079,0.028273598918400655,-0.009448078083963196,0.00186811741846486
factual,13,0.7162698412698413,0.030784735330146376,0.023737054895563547,0.0010190988675963877
factual,15,0.6537698412698413,0.029759343409150273,0.009324537884560688,0.0017315431241452788
factual,17,0.7103174603174603,0.024677400489676066,-0.007312072127097373,0.002883767265616115
factual,20,0.6626984126984127,0.02720338081883227,0.005290900081510989,0.00038840420956789214
factual,22,0.6240079365079365,0.02183180731680642,-0.005499066123959506,0.002786012854185073
factual,24,0.610515873015873,0.027419998110135995,0.013922080739012651,0.0012654901213604247
factual,27,0.6200396825396826,0.024182452615874345,0.0025930155149877696,0.002733149140074888
factual,29,0.6795634920634921,0.020552284147481448,0.017749594809334596,-0.0065367656284193556
factual,31,0.6815476190476191,0.02052457131971566,0.006118648074772119,-0.0035864773824444474
factual,34,0.6091269841269841,0.022189033332330754,0.04654709996017296,-0.006614941915458559
factual,36,0.621031746031746,0.022879328884691113,0.05696447858685261,-0.01601617486428518
factual,38,0.6601190476190476,0.02633676179660177,0.04614967269530087,-0.012169470710297002
factual,40,0.683531746031746,0.025927242231073913,0.03790772522265016,-0.0056218542152358525
factual,43,0.6755952380952381,0.027907630643704866,0.028075381421146278,-0.009495264767034021
factual,45,0.5793650793650794,0.025205966357678775,-0.0017807176844167143,-0.005492798850069025
factual,47,0.6577380952380952,0.023183217037613824,0.007909621098671623,-0.005266959867727044
factual,49,0.6121031746031746,0.031091228754676372,-0.0009569460286883066,-0.009464007375563637
factual,51,0.6194444444444445,0.020068005112208055,0.012129782920144808,-0.0036758277897748007
reasoning,1,0.3772967772967773,0.02038739889755379,-0.03360226503336689,0.0031535060763611487
reasoning,3,0.4248917748917749,0.026248584769762807,-0.05256392389133483,0.0014443479677522671
reasoning,6,0.5732804232804233,0.03619452685460456,-0.06909107000693623,-0.0008313492658509341
reasoning,8,0.39446849446849447,0.04415302440941921,-0.07334508836392849,0.003422041519952797
reasoning,10,0.506902356902357,0.04420791430396242,-0.08382051070720414,0.006136383859732978
reasoning,13,0.5216931216931218,0.046860089415153613,-0.0754093645910386,-0.003193427282244877
reasoning,15,0.4227513227513227,0.04885352796554392,-0.06030558624078895,0.0012183162223595775
reasoning,17,0.4145983645983646,0.0385510550900201,-0.07164673049849596,0.006811620444102249
reasoning,20,0.5031746031746032,0.04548463718982875,-0.04261233834338834,0.0019836371473693024
reasoning,22,0.4812169312169312,0.036601929900255056,-0.04493783586561771,0.01017814036240405
reasoning,24,0.533886483886484,0.042323510010987005,-0.05956381305340135,0.004978913482430125
reasoning,27,0.45187590187590193,0.04027242707819228,-0.029941729610051235,0.003953039940624568
reasoning,29,0.5071428571428571,0.0346980788262949,-0.06255021797837536,0.0041153623349043525
reasoning,31,0.51010101010101,0.0352066821904036,-0.05525462756831375,0.002204856658611561
reasoning,34,0.4876142376142376,0.033140269396920746,-0.03964436162678645,0.0036246153862303856
reasoning,36,0.45165945165945165,0.03621827936766665,-0.020315181402129574,-0.004422429917235609
reasoning,38,0.4296536796536797,0.041380019750255105,-0.037438751803279,0.000856592069574884
reasoning,40,0.462987012987013,0.04165004505238132,-0.05000719235326301,0.003947246780260825
reasoning,43,0.4225108225108225,0.04729580336176687,-0.04494314228923965,0.0006506779181458984
reasoning,45,0.4288600288600289,0.039034058087578136,-0.067308687060428,0.006644512451237934
reasoning,47,0.4208994708994709,0.03906247840043879,-0.05966099766493052,0.003793701644465853
reasoning,49,0.39894179894179893,0.047841164081027884,-0.11644967189987021,0.0019179075943154484
reasoning,51,0.24692159692159693,0.042955365755835945,-0.06649977453081925,-0.000708833391003767
social_ethical,1,0.43209235209235214,0.014406225703609365,0.0041428902804815,-0.0010690791710225834
social_ethical,3,0.4822222222222222,0.017202381887746053,0.002417959029582898,-7.98638981778362e-05
social_ethical,6,0.43523809523809526,0.02281816531539475,-0.01845376180328048,-0.0005059681666901958
social_ethical,8,0.6190476190476191,0.031641814291472926,-0.030112772050161614,0.007321209627014431
social_ethical,10,0.5593650793650794,0.03278672485879721,0.027960243266467087,0.0017318070857836598
social_ethical,13,0.7047619047619047,0.029385882481878497,0.015296603928733325,0.0022538777011358933
social_ethical,15,0.5434920634920635,0.03469437020113862,0.03034959116047779,0.0069859168577962845
social_ethical,17,0.6015873015873016,0.027598855003640357,-0.0018057191529018783,-0.0025228222563918176
social_ethical,20,0.6603174603174603,0.025459578639083384,0.022082577742536517,-0.006429365256606329
social_ethical,22,0.4498412698412698,0.023953710881243893,-0.015082900534338606,0.0022116926324445654
social_ethical,24,0.7031746031746031,0.027132043693939345,0.0060099272940399,0.0045557390223619765
social_ethical,27,0.5657142857142857,0.027108547424067556,0.03284634963151631,0.004310298250252596
social_ethical,29,0.6015873015873016,0.021202496106549066,0.02006941002888857,-0.0022099134432252442
social_ethical,31,0.6349206349206349,0.023956438410441056,-0.012011623379377726,0.007404130823880652
social_ethical,34,0.5492063492063491,0.024343989371210982,0.03547484089103895,-0.007657005196645074
social_ethical,36,0.6587301587301587,0.02653836024511586,-0.0022046898343622465,-0.011595265624217865
social_ethical,38,0.5441269841269841,0.03441828074513735,-0.0313546126596776,-0.0033132301460288035
social_ethical,40,0.5523809523809524,0.03140545522193296,0.0243976029951441,-0.01249357272363189
social_ethical,43,0.5682539682539682,0.03425705138382713,-0.026269290632011295,0.001829956426981292
social_ethical,45,0.506984126984127,0.029754700079269576,-0.012065449939892166,-0.0031587691584872924
social_ethical,47,0.5158730158730159,0.026668959434417838,0.006918801320128587,-0.0022313956241862445
social_ethical,49,0.5571428571428572,0.02980964458075175,-0.00671638610020094,-0.0028708113195932967
social_ethical,51,0.6492063492063491,0.020785210492601413,-0.026318318160592706,0.0044188645358574545
symbolic,1,0.24052429052429053,0.02542081521882613,-0.00964938830670745,0.0007703918097165842
symbolic,3,0.33020683020683017,0.030838168228215328,-0.047328490836022356,0.006698519214704105
symbolic,6,0.5357142857142857,0.044294000843624615,-0.006112392609180518,-0.0029823354334370437
symbolic,8,0.38811928811928814,0.06979926373551118,-0.1832584602983273,0.012505464996989159
symbolic,10,0.5148148148148148,0.06511691542300807,-0.10564660526860264,0.007090838901791631
symbolic,13,0.482010582010582,0.06247867235011876,-0.1509342442123492,0.005239468119042138
symbolic,15,0.45158730158730154,0.06570699717028555,-0.2119287834352258,0.023794241463570683
symbolic,17,0.4388888888888889,0.055701502514853604,-0.10552076023796689,0.01714672390843125
symbolic,20,0.47118807118807116,0.05956547081966793,-0.09779628613920062,0.005872244589931932
symbolic,22,0.3904761904761905,0.051372929754454164,-0.06308830244345714,0.0050084980148376885
symbolic,24,0.526984126984127,0.05812403474826508,-0.1166493944488573,0.010921567720165967
symbolic,27,0.35185185185185186,0.05761438504697146,-0.06451227727181869,0.0028655486070678156
symbolic,29,0.5410052910052909,0.04435833872939682,-0.09315943730599896,0.0055297417563210235
symbolic,31,0.4619288119288119,0.050276967638000214,-0.07543978414677079,-0.008110641351527843
symbolic,34,0.5243386243386243,0.04445671303056189,0.006610517452903222,-0.012793503765243956
symbolic,36,0.41269841269841273,0.051691901109929106,-0.010382137396978007,0.0020725616513584655
symbolic,38,0.40214045214045213,0.06253852254707863,-0.045505295238528545,-0.0030708204856583275
symbolic,40,0.4047859547859548,0.06382913860312554,-0.09252004650930219,-0.009757675823275688
symbolic,43,0.4478835978835979,0.057249759420651865,-0.1090444624163607,0.011858302339079592
symbolic,45,0.39901394901394904,0.053026702255383806,-0.06277320845970588,0.0006646139621562947
symbolic,47,0.39131794131794134,0.05089584249880511,-0.026067572446225817,-0.0058664154767317355
symbolic,49,0.4333573833573834,0.058676475921089474,-0.09881820859621368,-0.007747712679905739
symbolic,51,0.22205387205387206,0.05301222421605273,-0.024944760029484512,-0.013691484412657875
