category,layer,jaccard_top6,jsd
computational,1,0.10545454545454545,0.05823284622477303
computational,3,0.27769841269841267,0.07292136599665136
computational,6,0.23328282828282826,0.07934377935398386
computational,8,0.16777777777777778,0.1485109373243058
computational,10,0.15953102453102455,0.18867237358349995
computational,13,0.2207792207792208,0.16993932230079345
computational,15,0.22014430014430014,0.14837631722392924
computational,17,0.3572727272727273,0.11508764983865742
computational,20,0.3789466089466089,0.15234091985412512
computational,22,0.2751443001443002,0.10146702145919498
computational,24,0.23335497835497834,0.1456570975460983
computational,27,0.30606060606060603,0.11305833229142111
computational,29,0.39254689754689753,0.09485391082933102
computational,31,0.26126984126984126,0.1114409351111627
computational,34,0.2721067821067821,0.12414677887035722
computational,36,0.25027417027417026,0.13455113769083987
computational,38,0.20407647907647908,0.14817463398676745
computational,40,0.15434343434343434,0.14081374892164328
computational,43,0.24301587301587302,0.1356539587770609
computational,45,0.1421067821067821,0.1367472890713339
computational,47,0.2981168831168831,0.10025271609049927
computational,49,0.14831890331890332,0.13091404921473526
computational,51,0.2726767676767677,0.07159877501775846
creative,1,0.08510101010101011,0.05554165235875644
creative,3,0.1735858585858586,0.07484204789963815
creative,6,0.1903030303030303,0.10450940151153694
creative,8,0.3732900432900433,0.15088434419157098
creative,10,0.265945165945166,0.1942936666210032
creative,13,0.4294588744588745,0.1790128317519604
creative,15,0.3485281385281385,0.17679403201603786
creative,17,0.31857864357864357,0.17552353186004893
creative,20,0.2822150072150072,0.19086894269385857
creative,22,0.24315295815295815,0.13452310797418068
creative,24,0.3551010101010101,0.19069058164854305
creative,27,0.19466810966810968,0.1725451703252574
creative,29,0.25352092352092354,0.13782819851564562
creative,31,0.26476911976911977,0.13648418112048474
creative,34,0.272020202020202,0.1558311094637475
creative,36,0.28577922077922074,0.15489202198237573
creative,38,0.20537518037518038,0.20152158942472304
creative,40,0.24274891774891777,0.16379459505664068
creative,43,0.19744588744588745,0.16323014395899874
creative,45,0.15823232323232322,0.14230409696487964
creative,47,0.16725829725829727,0.11765517954093176
creative,49,0.1869191919191919,0.1354945293535629
creative,51,0.19055555555555556,0.0963588648429666
factual,1,0.049494949494949494,0.05192394712443583
factual,3,0.06616161616161616,0.07951536290495816
factual,6,0.11126262626262626,0.13605800290289194
factual,8,0.057373737373737375,0.26882823503237624
factual,10,0.04101010101010102,0.2813211631765523
factual,13,0.120995670995671,0.2877402490027078
factual,15,0.13705627705627704,0.2506032819885608
factual,17,0.16272727272727272,0.22008650154216344
factual,20,0.08929292929292929,0.2536977376405853
factual,22,0.17025252525252524,0.1478875467177567
factual,24,0.09833333333333334,0.2363457202318284
factual,27,0.09287878787878788,0.20432078973317422
factual,29,0.13308080808080808,0.17754007958769663
factual,31,0.09498556998556998,0.21509868299628906
factual,34,0.10904040404040405,0.21103758614853643
factual,36,0.06535353535353536,0.25686388993706466
factual,38,0.028585858585858586,0.3097681389277238
factual,40,0.08646464646464648,0.28806323288789126
factual,43,0.05388888888888889,0.25324708798839585
factual,45,0.03626262626262626,0.2304773842285048
factual,47,0.07424242424242425,0.2145843446435854
factual,49,0.09055555555555556,0.22525352910931665
factual,51,0.09065656565656566,0.13113116449296155
reasoning,1,0.08585858585858586,0.05632239099989571
reasoning,3,0.07505050505050505,0.07384255766339042
reasoning,6,0.10868686868686869,0.10213220411477314
reasoning,8,0.06737373737373738,0.16300648760193004
reasoning,10,0.048484848484848485,0.2147283667003784
reasoning,13,0.09303030303030303,0.19985757406900842
reasoning,15,0.09808080808080807,0.1846154040504774
reasoning,17,0.1243939393939394,0.14607080177272425
reasoning,20,0.09914141414141414,0.18950442017640803
reasoning,22,0.19624819624819623,0.10785589607263026
reasoning,24,0.10333333333333333,0.1727526691397621
reasoning,27,0.150959595959596,0.15435914696535308
reasoning,29,0.1948845598845599,0.11850535534802065
reasoning,31,0.15217171717171718,0.15331192063082053
reasoning,34,0.13080808080808082,0.15404070544964524
reasoning,36,0.13505050505050506,0.14271760729820965
reasoning,38,0.09383838383838385,0.16068614175595924
reasoning,40,0.14136363636363639,0.15998215718935796
reasoning,43,0.12914141414141414,0.1444544654006142
reasoning,45,0.09666666666666666,0.11406964549492042
reasoning,47,0.15555555555555556,0.11771863689705236
reasoning,49,0.20242424242424242,0.10680118559076639
reasoning,51,0.08474747474747475,0.07505818944784744
social_ethical,1,0.14484848484848487,0.04330699614603682
social_ethical,3,0.13873737373737374,0.05291233929510662
social_ethical,6,0.2126767676767677,0.06770239587881083
social_ethical,8,0.13215728715728717,0.17291507192465302
social_ethical,10,0.12207070707070707,0.22943906789940904
social_ethical,13,0.16443001443001443,0.20559086609943267
social_ethical,15,0.1657936507936508,0.1998299946145602
social_ethical,17,0.207979797979798,0.1460822823430617
social_ethical,20,0.3094011544011544,0.1601011579453208
social_ethical,22,0.1938888888888889,0.0971698460602883
social_ethical,24,0.20256132756132755,0.17951857527629628
social_ethical,27,0.19880952380952382,0.13559646806387685
social_ethical,29,0.19065656565656566,0.11926667966715246
social_ethical,31,0.1781818181818182,0.13527870659525534
social_ethical,34,0.15272727272727274,0.12756605221055745
social_ethical,36,0.18595959595959596,0.16758376291961846
social_ethical,38,0.14383838383838385,0.17377320219631665
social_ethical,40,0.10959595959595961,0.18096102161704003
social_ethical,43,0.13106060606060607,0.15784842447591607
social_ethical,45,0.12666666666666668,0.13037504944842168
social_ethical,47,0.17238095238095238,0.10650771320744552
social_ethical,49,0.15601010101010102,0.11316151507641073
social_ethical,51,0.29023088023088023,0.06583457650057996
symbolic,1,0.09176767676767676,0.06220134241845835
symbolic,3,0.11318181818181819,0.07032056122998041
symbolic,6,0.29832611832611833,0.09397736414583605
symbolic,8,0.10921356421356422,0.14790248776672363
symbolic,10,0.2718398268398268,0.16107239609591906
symbolic,13,0.23635642135642138,0.14858485356131268
symbolic,15,0.2556132756132756,0.1306554946545533
symbolic,17,0.26445165945165944,0.09498412089623466
symbolic,20,0.26614718614718613,0.10745784088607553
symbolic,22,0.39396825396825397,0.07123564643527483
symbolic,24,0.3418975468975469,0.11430209077259608
symbolic,27,0.3467099567099567,0.09467450107868143
symbolic,29,0.27990620490620494,0.09391103764454585
symbolic,31,0.2662193362193362,0.11067556227795446
symbolic,34,0.262041847041847,0.12096360562418114
symbolic,36,0.258997113997114,0.11254685574032491
symbolic,38,0.2122005772005772,0.13001062571812053
symbolic,40,0.14784992784992784,0.15875439476616549
symbolic,43,0.20388167388167389,0.13136164521503338
symbolic,45,0.17882395382395383,0.1004723292880551
symbolic,47,0.2326839826839827,0.09369898081619134
symbolic,49,0.23886002886002886,0.1002253715487664
symbolic,51,0.21044733044733047,0.07095419081241247
